Product Name,Description,Price,List Price,Manufacturer,Brand,SKU,MPN,Bullet 1,Bullet 2,Bullet 3,Bullet 4,Bullet 5,Image 1,Image 2,Image 3,Image 4
Element Oil Filter for BSA BSA Unit Singles All Years,"Emgo oil filters are proven, high quality filters that meet all warranty performance requirements of OEM parts. The endurance of the machine depends on products that will stand up to the high speeds and hour after hour high rpm running at the track. High performance oil filter with a high oil flow capacity to withstand high heat and pressures",12.82,,EMGO,EMGO,202015#-108,202015#-108,North America's oldest and largest supplier of oil filters,Millions of Emgo oil filters have been used for street riding and competition road riding,"Emgo oil filters are proven, high quality filters",Meet all warranty performance requirements of OEM parts,High performance oil filter with a high oil flow capacity to withstand high heat and pressures,http://thed.zone/wp-content/uploads/2017/10/s-l1000.jpg,,,
Vesrah Clutch Friction Plates for Kawasaki  2004-2014,Vesrah clutch discs are manufactured to OEM specifications,92.21,,Vesrah,Vesrah,971264#-105,971264#-105,"Each clutch disc is made from high density, high friction material which reduces expansion and fading.","For complete rebuild, Qty (1) each of the friction plates, metal plates and spring sets are required per model. These are ust the friction plates",For Engine cc 250,,Friction Plates included are 8,http://thed.zone/wp-content/uploads/2017/11/1951-na-vesrah-clutch-disc-kit-8-piece-for-suzuki-gsx-r600-gsxr-600-gsxr600-2006-2007_500.jpg-500×500-.png,,,
BikeMaster Fork Seals for MX250 1973-1975,,,,BikeMaster,BikeMaster,429002/-72,,,,,,,,,,
BikeMaster Lithium-Ion Battery DLFP14ZS for GSX-R1100 1993-1998,"The most advanced high-power Lithium-Iron Phosphate battery technology available for your bike. BikeMaster Lithium-Iron Phosphate batteries will provide you with ultra-high cranking amps and twice the service life of a conventional battery. At 1/3 the weight of a lead acid battery, these batteries contain no corrosive liquids and no heavy metals, making them environmentally friendly. All BikeMaster Lithium-Ion batteries come with a two-year warranty.",158.68,198.35,BikeMaster,BikeMaster,780822/-629,BM-16408,148mm L x 87mm W x 94mm H,"Cylindrical cell with energy storage welding technology for higher output. Built-in charge and equalizing protection board, preventing battery from over charging.",Remarkably low self-discharge for extended storage periods.,Superior vibration-resistant construction allows multidirectional installation without damage.,Suitable for low-temperature environments. Temperature range 10 C - 55 C (14 F - 131F).,http://dealer.tucker.com/globalassets/images/84/8441/844132/Zoomed.jpg,,,
BikeMaster Lithium-Ion Battery DLFP14ZS for GSX-R600 1992-1993,"The most advanced high-power Lithium-Iron Phosphate battery technology available for your bike. BikeMaster Lithium-Iron Phosphate batteries will provide you with ultra-high cranking amps and twice the service life of a conventional battery. At 1/3 the weight of a lead acid battery, these batteries contain no corrosive liquids and no heavy metals, making them environmentally friendly. All BikeMaster Lithium-Ion batteries come with a two-year warranty.",158.68,198.35,BikeMaster,BikeMaster,780822/-630,BM-16409,148mm L x 87mm W x 94mm H,"Cylindrical cell with energy storage welding technology for higher output. Built-in charge and equalizing protection board, preventing battery from over charging.",Remarkably low self-discharge for extended storage periods.,Superior vibration-resistant construction allows multidirectional installation without damage.,Suitable for low-temperature environments. Temperature range 10 C - 55 C (14 F - 131F).,http://dealer.tucker.com/globalassets/images/84/8441/844132/Zoomed.jpg,,,
BikeMaster Lithium-Ion Battery DLFP14ZS for GSX-R750 1993,"The most advanced high-power Lithium-Iron Phosphate battery technology available for your bike. BikeMaster Lithium-Iron Phosphate batteries will provide you with ultra-high cranking amps and twice the service life of a conventional battery. At 1/3 the weight of a lead acid battery, these batteries contain no corrosive liquids and no heavy metals, making them environmentally friendly. All BikeMaster Lithium-Ion batteries come with a two-year warranty.",158.68,198.35,BikeMaster,BikeMaster,780822/-631,BM-16410,148mm L x 87mm W x 94mm H,"Cylindrical cell with energy storage welding technology for higher output. Built-in charge and equalizing protection board, preventing battery from over charging.",Remarkably low self-discharge for extended storage periods.,Superior vibration-resistant construction allows multidirectional installation without damage.,Suitable for low-temperature environments. Temperature range 10 C - 55 C (14 F - 131F).,http://dealer.tucker.com/globalassets/images/84/8441/844132/Zoomed.jpg,,,
BikeMaster High-Performance Maintenance Free Battery BTZ10S for Z650 2017  Factory activated.,"The BikeMaster High-Performance Maintenance Free Battery offers you up to 30% more cranking amps than a conventional battery thanks to additional plates located inside the battery. The battery will never need refilling, but will require charging during prolonged storage after the battery has been activated.",62.73,78.42,BikeMaster,BikeMaster,781381/-833,BM-48183,Additional plates inside battery provide up to 30% more power (cranking amps) than the conventional battery,"Once activated, requires charging during prolonged storage periods; never needs refilling",High level of power (cranking amps) for today's big bikes,,,http://dealer.tucker.com/globalassets/images/88/8825/8825101/Zoomed.jpg,,,
BikeMaster Clutch Lever Polished for MX250 1974-1975,"Made of tough, high-quality 6061-T6 aluminum.",24.21,30.27,BikeMaster,BikeMaster,71217/-1639,BM-38032,Engineered to O.E.M. specifications.,,,,,http://dealer.tucker.com/globalassets/images/30/3030/3030538/Zoomed.jpg,,,
BikeMaster Fork Seals for GS750ES 1978-1982,High-quality fork seals available for virtually every brand and model sold in the USA.,25.2,31.49,BikeMaster,BikeMaster,429024/-472,BM-42121,Available in high-performance with anti-stiction material,Made in Italy,"37 x 50 x 11, O.E., Sold as Pair",,,http://dealer.tucker.com/globalassets/images/94/9464/9464246/Zoomed.jpg,,,
BikeMaster Fork Seals for GSX-R600 1992-1993,High-quality fork seals available for virtually every brand and model sold in the USA.,26.19,32.74,BikeMaster,BikeMaster,429029/-579,BM-42228,Available in high-performance with anti-stiction material,Made in Italy,"41 x 54 x 11, O.E., Sold as Pair",,,http://dealer.tucker.com/globalassets/images/94/9464/9464246/Zoomed.jpg,,,
BikeMaster Maintenance Free VRLA Battery BTX20L-BS for Buell,Comes with pre-measured acid tubes that dealers can easily empty into battery.,92.98,116.22,BikeMaster,BikeMaster,781314/-6,BM-40195,"Includes a seal to place across the top of battery to create a sealed, spill-proof battery.",,,,,http://dealer.tucker.com/globalassets/images/14/1498/1498511/Zoomed.jpg,,,
BikeMaster Maintenance Free Battery BTX12-BS for GSX-R1100 1993-1998,"Comes with pre-measured acid tubes that dealers can easily empty into battery. Includes a seal to place across the top of battery to create a sealed, spill-proof battery.",71.05,88.81,BikeMaster,BikeMaster,781350/-350,BM-39024,"Valve Regulated Lead Acid battery is filled, sealed and charged at the factory for dependable and maintenance free power that is ready to install.",,,,,http://dealer.tucker.com/globalassets/images/28/2864/2864170/Zoomed.jpg,,,
BikeMaster Maintenance Free Battery BTX12-BS for GSX-R600 1992-1993,"Comes with pre-measured acid tubes that dealers can easily empty into battery. Includes a seal to place across the top of battery to create a sealed, spill-proof battery.",71.05,88.81,BikeMaster,BikeMaster,781350/-351,BM-39025,"Valve Regulated Lead Acid battery is filled, sealed and charged at the factory for dependable and maintenance free power that is ready to install.",,,,,http://dealer.tucker.com/globalassets/images/28/2864/2864170/Zoomed.jpg,,,
BikeMaster Maintenance Free Battery BTX12-BS for GSX-R750 1993,"Comes with pre-measured acid tubes that dealers can easily empty into battery. Includes a seal to place across the top of battery to create a sealed, spill-proof battery.",71.05,88.81,BikeMaster,BikeMaster,781350/-352,BM-39026,"Valve Regulated Lead Acid battery is filled, sealed and charged at the factory for dependable and maintenance free power that is ready to install.",,,,,http://dealer.tucker.com/globalassets/images/28/2864/2864170/Zoomed.jpg,,,
BikeMaster Black Oil Filter for  Z650 2017,"Made in the same factory as many O.E.M. filters. Exceeds O.E.M. standards for filtration and service life. High-quality materials for use with standard and synthetic oils. Low internal resistance allows for maximum oil flow. Internal check valve prevents oil draining down and drying out. Tough steel casing and base plate, with a durable seal.",20.97,26.21,BikeMaster,BikeMaster,171610/-467,BM-36922,"Tough steel casing and base plate, with a durable seal.",,Made in the same factory as many O.E.M. filters,Low internal resistance allows for maximum oil flow.,Internal check valve prevents oil draining down and drying out.,http://dealer.tucker.com/globalassets/images/88/8819/8819260/Zoomed.jpg,,,
BikeMaster Black Oil Filter for  GS750 1980-1982,"Made in the same factory as many O.E.M. filters. Exceeds O.E.M. standards for filtration and service life. High-quality materials for use with standard and synthetic oils. Low internal resistance allows for maximum oil flow. Internal check valve prevents oil draining down and drying out. Tough steel casing and base plate, with a durable seal.",19.85,24.81,BikeMaster,BikeMaster,171619/-672,BM-37127,"Tough steel casing and base plate, with a durable seal.",,Made in the same factory as many O.E.M. filters,Low internal resistance allows for maximum oil flow.,Internal check valve prevents oil draining down and drying out.,http://dealer.tucker.com/globalassets/images/88/8819/8819237/Zoomed.jpg,,,
BikeMaster Rear Steel 40 Tooth Sprocket for MX250 1975,Meticulously engineered using the highest quality materials and industry leading technology to provide the best replacement sprockets for your motorcycle.,36.35,45.43,BikeMaster,BikeMaster,965192/-3960,BM-34283,BikeMaster Rear Sprockets are machined from 1045 steel and coated with a beautiful black cataphoresis finish.,A perfect match for the BikeMaster line of chains.,,,,http://midnightautos.com/wp-content/uploads/2018/11/Zoomed-49t.png,http://dealer.tucker.com/globalassets/images/10/1005/10054154/Zoomed.jpg,,
BikeMaster Rear Steel 41 Tooth Sprocket for MX250 1975,Meticulously engineered using the highest quality materials and industry leading technology to provide the best replacement sprockets for your motorcycle.,37.84,47.3,BikeMaster,BikeMaster,965193/-4023,BM-34346,BikeMaster Rear Sprockets are machined from 1045 steel and coated with a beautiful black cataphoresis finish.,A perfect match for the BikeMaster line of chains.,,,,http://midnightautos.com/wp-content/uploads/2018/11/Zoomed-49t.png,http://dealer.tucker.com/globalassets/images/86/8669/8669169/Zoomed.jpg,,
BikeMaster Rear Steel 42 Tooth Sprocket for MX250 1975,Meticulously engineered using the highest quality materials and industry leading technology to provide the best replacement sprockets for your motorcycle.,37.09,46.36,BikeMaster,BikeMaster,965194/-4086,BM-34409,BikeMaster Rear Sprockets are machined from 1045 steel and coated with a beautiful black cataphoresis finish.,A perfect match for the BikeMaster line of chains.,,,,http://midnightautos.com/wp-content/uploads/2018/11/Zoomed-49t.png,http://dealer.tucker.com/globalassets/images/86/8669/8669086/Zoomed.jpg,,
BikeMaster Rear Steel 43 Tooth Sprocket for MX250 1975,Meticulously engineered using the highest quality materials and industry leading technology to provide the best replacement sprockets for your motorcycle.,40.07,50.09,BikeMaster,BikeMaster,965195/-4149,BM-34472,BikeMaster Rear Sprockets are machined from 1045 steel and coated with a beautiful black cataphoresis finish.,A perfect match for the BikeMaster line of chains.,,,,http://midnightautos.com/wp-content/uploads/2018/11/Zoomed-49t.png,http://dealer.tucker.com/globalassets/images/86/8669/8669000/Zoomed.jpg,,
BikeMaster Rear Steel 44 Tooth Sprocket for MX250 1975,Meticulously engineered using the highest quality materials and industry leading technology to provide the best replacement sprockets for your motorcycle.,38.58,48.23,BikeMaster,BikeMaster,965196/-4212,BM-34535,BikeMaster Rear Sprockets are machined from 1045 steel and coated with a beautiful black cataphoresis finish.,A perfect match for the BikeMaster line of chains.,,,,http://midnightautos.com/wp-content/uploads/2018/11/Zoomed-49t.png,http://dealer.tucker.com/globalassets/images/10/1005/10054200/Zoomed.jpg,,
BikeMaster Rear Steel 45 Tooth Sprocket for MX250 1975,Meticulously engineered using the highest quality materials and industry leading technology to provide the best replacement sprockets for your motorcycle.,39.33,49.16,BikeMaster,BikeMaster,965197/-4275,BM-34598,BikeMaster Rear Sprockets are machined from 1045 steel and coated with a beautiful black cataphoresis finish.,A perfect match for the BikeMaster line of chains.,,,,http://midnightautos.com/wp-content/uploads/2018/11/Zoomed-49t.png,http://dealer.tucker.com/globalassets/images/86/8668/8668821/Zoomed.jpg,,
BikeMaster Rear Steel 46 Tooth Sprocket for MX250 1975,Meticulously engineered using the highest quality materials and industry leading technology to provide the best replacement sprockets for your motorcycle.,39.33,49.16,BikeMaster,BikeMaster,965198/-4338,BM-34661,BikeMaster Rear Sprockets are machined from 1045 steel and coated with a beautiful black cataphoresis finish.,A perfect match for the BikeMaster line of chains.,,,,http://midnightautos.com/wp-content/uploads/2018/11/Zoomed-49t.png,http://dealer.tucker.com/globalassets/images/86/8668/8668729/Zoomed.jpg,,
BikeMaster Rear Steel 47 Tooth Sprocket for MX250 1975,Meticulously engineered using the highest quality materials and industry leading technology to provide the best replacement sprockets for your motorcycle.,40.82,51.03,BikeMaster,BikeMaster,965199/-4401,BM-34724,BikeMaster Rear Sprockets are machined from 1045 steel and coated with a beautiful black cataphoresis finish.,A perfect match for the BikeMaster line of chains.,,,,http://midnightautos.com/wp-content/uploads/2018/11/Zoomed-49t.png,http://dealer.tucker.com/globalassets/images/86/8669/8669150/Zoomed.jpg,,
BikeMaster Rear Steel 48 Tooth Sprocket for MX250 1975,Meticulously engineered using the highest quality materials and industry leading technology to provide the best replacement sprockets for your motorcycle.,40.82,51.03,BikeMaster,BikeMaster,965200/-4464,BM-34787,BikeMaster Rear Sprockets are machined from 1045 steel and coated with a beautiful black cataphoresis finish.,A perfect match for the BikeMaster line of chains.,,,,http://midnightautos.com/wp-content/uploads/2018/11/Zoomed-49t.png,http://dealer.tucker.com/globalassets/images/10/1005/10054222/Zoomed.jpg,,
BikeMaster Rear Steel 49 Tooth Sprocket for MX250 1975,Meticulously engineered using the highest quality materials and industry leading technology to provide the best replacement sprockets for your motorcycle.,42.31,52.89,BikeMaster,BikeMaster,965201/-4527,BM-34850,BikeMaster Rear Sprockets are machined from 1045 steel and coated with a beautiful black cataphoresis finish.,A perfect match for the BikeMaster line of chains.,,,,http://midnightautos.com/wp-content/uploads/2018/11/Zoomed-49t.png,http://dealer.tucker.com/globalassets/images/86/8669/8669050/Zoomed.jpg,,
BikeMaster Rear Steel 50 Tooth Sprocket for MX250 1975,Meticulously engineered using the highest quality materials and industry leading technology to provide the best replacement sprockets for your motorcycle.,42.31,52.89,BikeMaster,BikeMaster,965202/-4590,BM-34913,BikeMaster Rear Sprockets are machined from 1045 steel and coated with a beautiful black cataphoresis finish.,A perfect match for the BikeMaster line of chains.,,,,http://midnightautos.com/wp-content/uploads/2018/11/Zoomed-49t.png,http://dealer.tucker.com/globalassets/images/86/8668/8668962/Zoomed.jpg,,
BikeMaster Rear Steel 51 Tooth Sprocket for MX250 1975,Meticulously engineered using the highest quality materials and industry leading technology to provide the best replacement sprockets for your motorcycle.,43.8,54.75,BikeMaster,BikeMaster,965203/-4653,BM-34976,BikeMaster Rear Sprockets are machined from 1045 steel and coated with a beautiful black cataphoresis finish.,A perfect match for the BikeMaster line of chains.,,,,http://midnightautos.com/wp-content/uploads/2018/11/Zoomed-49t.png,http://dealer.tucker.com/globalassets/images/86/8668/8668875/Zoomed.jpg,,
BikeMaster Rear Steel 52 Tooth Sprocket for MX250 1975,Meticulously engineered using the highest quality materials and industry leading technology to provide the best replacement sprockets for your motorcycle.,43.8,54.75,BikeMaster,BikeMaster,965204/-4716,BM-35039,BikeMaster Rear Sprockets are machined from 1045 steel and coated with a beautiful black cataphoresis finish.,A perfect match for the BikeMaster line of chains.,,,,http://midnightautos.com/wp-content/uploads/2018/11/Zoomed-49t.png,http://dealer.tucker.com/globalassets/images/10/1005/10054168/Zoomed.jpg,,
BikeMaster O.E.M. Replacement Mirror Right Side Black for GSX-R600 1992-1993,BikeMaster Replacement Mirror,34.74,43.43,BikeMaster,BikeMaster,600204/-9,BM-30008,O.E.M.,,,,,http://dealer.tucker.com/globalassets/images/10/1009/100994/Zoomed.jpg,,,
BikeMaster O.E.M. Replacement Mirror Left Side Black for GSX-R600 1992-1993,BikeMaster Replacement Mirror,34.74,43.43,BikeMaster,BikeMaster,600205/-12,BM-30011,O.E.M.,,,,,http://dealer.tucker.com/globalassets/images/10/1009/100955/Zoomed.jpg,,,
BikeMaster O.E.M. Replacement Mirror Left Side Black for VFR750F 1990-1997,BikeMaster Replacement Mirror,34.74,43.43,BikeMaster,BikeMaster,600495/-228,BM-30227,O.E.M.,,,,,http://dealer.tucker.com/globalassets/images/53/5300/530042/Zoomed.jpg,,,
BikeMaster O.E.M. Replacement Mirror Right Side Black for VFR750F 1990-1997,BikeMaster Replacement Mirror,34.74,43.43,BikeMaster,BikeMaster,600494/-234,BM-30233,O.E.M.,,,,,http://dealer.tucker.com/globalassets/images/53/5300/530046/Zoomed.jpg,,,
BikeMaster Front 15 Tooth Sprocket for GSX-R750 1993-1995,Meticulously engineered using the highest quality materials and industry leading technology to provide the best replacement sprockets for your motorcycle.,31.87,39.84,BikeMaster,BikeMaster,965509/-171,BM-25695,"BikeMaster Front Sprockets are machined from 20CrMnTi, shot peened for longer wear and heat treated for extended durability.",A perfect match for the BikeMaster line of chains.,,,,http://midnightautos.com/wp-content/uploads/2018/11/Zoomed-jpg-740×680-.png,http://dealer.tucker.com/globalassets/images/86/8669/8669202/Zoomed.jpg,,
BikeMaster Front 14 Tooth Sprocket for GSX-R750 1993-1995,Meticulously engineered using the highest quality materials and industry leading technology to provide the best replacement sprockets for your motorcycle.,30.38,37.97,BikeMaster,BikeMaster,965642/-1024,BM-26548,"BikeMaster Front Sprockets are machined from 20CrMnTi, shot peened for longer wear and heat treated for extended durability.",A perfect match for the BikeMaster line of chains.,,,,http://midnightautos.com/wp-content/uploads/2018/11/Zoomed-jpg-740×680-.png,http://dealer.tucker.com/globalassets/images/86/8669/8669343/Zoomed.jpg,,
BikeMaster Front 15 Tooth Sprocket for GSX-R750 1993-1995,Meticulously engineered using the highest quality materials and industry leading technology to provide the best replacement sprockets for your motorcycle.,30.38,37.97,BikeMaster,BikeMaster,965643/-1108,BM-26632,"BikeMaster Front Sprockets are machined from 20CrMnTi, shot peened for longer wear and heat treated for extended durability.",A perfect match for the BikeMaster line of chains.,,,,http://midnightautos.com/wp-content/uploads/2018/11/Zoomed-jpg-740×680-.png,http://dealer.tucker.com/globalassets/images/86/8669/8669230/Zoomed.jpg,,
BikeMaster Front 16 Tooth Sprocket for GSX-R750 1993-1995,Meticulously engineered using the highest quality materials and industry leading technology to provide the best replacement sprockets for your motorcycle.,30.38,37.97,BikeMaster,BikeMaster,965644/-1192,BM-26716,"BikeMaster Front Sprockets are machined from 20CrMnTi, shot peened for longer wear and heat treated for extended durability.",A perfect match for the BikeMaster line of chains.,,,,http://midnightautos.com/wp-content/uploads/2018/11/Zoomed-jpg-740×680-.png,http://dealer.tucker.com/globalassets/images/86/8669/8669357/Zoomed.jpg,,
BikeMaster Front 17 Tooth Sprocket for GSX-R750 1993-1995,Meticulously engineered using the highest quality materials and industry leading technology to provide the best replacement sprockets for your motorcycle.,31.12,38.91,BikeMaster,BikeMaster,965645/-1276,BM-26800,"BikeMaster Front Sprockets are machined from 20CrMnTi, shot peened for longer wear and heat treated for extended durability.",A perfect match for the BikeMaster line of chains.,,,,http://midnightautos.com/wp-content/uploads/2018/11/Zoomed-jpg-740×680-.png,http://dealer.tucker.com/globalassets/images/86/8669/8669243/Zoomed.jpg,,
BikeMaster Front 18 Tooth Sprocket for GSX-R750 1993-1995,Meticulously engineered using the highest quality materials and industry leading technology to provide the best replacement sprockets for your motorcycle.,31.12,38.91,BikeMaster,BikeMaster,965646/-1360,BM-26884,"BikeMaster Front Sprockets are machined from 20CrMnTi, shot peened for longer wear and heat treated for extended durability.",A perfect match for the BikeMaster line of chains.,,,,http://midnightautos.com/wp-content/uploads/2018/11/Zoomed-jpg-740×680-.png,http://dealer.tucker.com/globalassets/images/86/8669/8669430/Zoomed.jpg,,
BikeMaster Front 14 Tooth Sprocket for GSX-R750 1993-1995,Meticulously engineered using the highest quality materials and industry leading technology to provide the best replacement sprockets for your motorcycle.,31.12,38.91,BikeMaster,BikeMaster,965691/-1738,BM-27262,"BikeMaster Front Sprockets are machined from 20CrMnTi, shot peened for longer wear and heat treated for extended durability.",A perfect match for the BikeMaster line of chains.,,,,http://midnightautos.com/wp-content/uploads/2018/11/Zoomed-jpg-740×680-.png,http://dealer.tucker.com/globalassets/images/86/8669/8669265/Zoomed.jpg,,
BikeMaster Front 16 Tooth Sprocket for GSX-R750 1993-1995,Meticulously engineered using the highest quality materials and industry leading technology to provide the best replacement sprockets for your motorcycle.,31.12,38.91,BikeMaster,BikeMaster,965692/-1801,BM-27325,"BikeMaster Front Sprockets are machined from 20CrMnTi, shot peened for longer wear and heat treated for extended durability.",A perfect match for the BikeMaster line of chains.,,,,http://midnightautos.com/wp-content/uploads/2018/11/Zoomed-jpg-740×680-.png,http://dealer.tucker.com/globalassets/images/86/8669/8669390/Zoomed.jpg,,
BikeMaster Front 17 Tooth Sprocket for GSX-R750 1993-1995,Meticulously engineered using the highest quality materials and industry leading technology to provide the best replacement sprockets for your motorcycle.,31.12,38.91,BikeMaster,BikeMaster,965693/-1863,BM-27387,"BikeMaster Front Sprockets are machined from 20CrMnTi, shot peened for longer wear and heat treated for extended durability.",A perfect match for the BikeMaster line of chains.,,,,http://midnightautos.com/wp-content/uploads/2018/11/Zoomed-jpg-740×680-.png,http://dealer.tucker.com/globalassets/images/86/8669/8669279/Zoomed.jpg,,
BikeMaster Front 13 Tooth Sprocket for GSX-R750 1993-1995,Meticulously engineered using the highest quality materials and industry leading technology to provide the best replacement sprockets for your motorcycle.,30.38,37.97,BikeMaster,BikeMaster,965729/-2032,BM-27556,"BikeMaster Front Sprockets are machined from 20CrMnTi, shot peened for longer wear and heat treated for extended durability.",A perfect match for the BikeMaster line of chains.,,,,http://midnightautos.com/wp-content/uploads/2018/11/Zoomed-jpg-740×680-.png,http://dealer.tucker.com/globalassets/images/99/9967/9967825/Zoomed.jpg,,
BikeMaster TruGel Battery MG12-BS for GSX-R1100 1993-1998,"The TruGel Battery by BikeMaster is a gel electrolyte powersports battery with a life span twice that of a wet battery. Able to resist vibration and impacts that damage regular wet batteries, it can be installed at any angle.",100.02,125.03,BikeMaster,BikeMaster,780508/-224,BM-23998,Longer storage life on the shelf and in the bike,Works better at lower and higher temperatures than a wet battery,Will not sulfate like a wet battery,151mm L x 87mm W x 130mm H,,http://dealer.tucker.com/globalassets/images/87/8707/8707002/Zoomed.jpg,,,
BikeMaster TruGel Battery MG12-BS for GSX-R600 1992-1993,"The TruGel Battery by BikeMaster is a gel electrolyte powersports battery with a life span twice that of a wet battery. Able to resist vibration and impacts that damage regular wet batteries, it can be installed at any angle.",100.02,125.03,BikeMaster,BikeMaster,780508/-225,BM-23999,Longer storage life on the shelf and in the bike,Works better at lower and higher temperatures than a wet battery,Will not sulfate like a wet battery,151mm L x 87mm W x 130mm H,,http://dealer.tucker.com/globalassets/images/87/8707/8707002/Zoomed.jpg,,,
BikeMaster TruGel Battery MG12-BS for GSX-R750 1993,"The TruGel Battery by BikeMaster is a gel electrolyte powersports battery with a life span twice that of a wet battery. Able to resist vibration and impacts that damage regular wet batteries, it can be installed at any angle.",100.02,125.03,BikeMaster,BikeMaster,780508/-226,BM-24000,Longer storage life on the shelf and in the bike,Works better at lower and higher temperatures than a wet battery,Will not sulfate like a wet battery,151mm L x 87mm W x 130mm H,,http://dealer.tucker.com/globalassets/images/87/8707/8707002/Zoomed.jpg,,,
BikeMaster Right Lens for GSX-R1100 1993-1994,Turn signals and lenses are direct O.E.M. replacement.,18.91,23.63,BikeMaster,BikeMaster,263020/-960,BM-14774,Right Lens,,,,,http://dealer.tucker.com/globalassets/images/87/8785/8785782/Zoomed.jpg,,,
BikeMaster Right Lens for GSX-R1100 1993-1994,Turn signals and lenses are direct O.E.M. replacement.,18.91,23.63,BikeMaster,BikeMaster,263020/-961,BM-14775,Right Lens,,,,,http://dealer.tucker.com/globalassets/images/87/8785/8785782/Zoomed.jpg,,,
BikeMaster Right Lens for GSX-R1100 1995-1998,Turn signals and lenses are direct O.E.M. replacement.,18.91,23.63,BikeMaster,BikeMaster,263020/-962,BM-14776,Right Lens,,,,,http://dealer.tucker.com/globalassets/images/87/8785/8785782/Zoomed.jpg,,,
BikeMaster Right Lens for GSX-R1100 1995-1998,Turn signals and lenses are direct O.E.M. replacement.,18.91,23.63,BikeMaster,BikeMaster,263020/-963,BM-14777,Right Lens,,,,,http://dealer.tucker.com/globalassets/images/87/8785/8785782/Zoomed.jpg,,,
BikeMaster Right Lens for GSX-R600 1992-1993,Turn signals and lenses are direct O.E.M. replacement.,18.91,23.63,BikeMaster,BikeMaster,263020/-964,BM-14778,Right Lens,,,,,http://dealer.tucker.com/globalassets/images/87/8785/8785782/Zoomed.jpg,,,
BikeMaster Right Lens for GSX-R600 1992-1993,Turn signals and lenses are direct O.E.M. replacement.,18.91,23.63,BikeMaster,BikeMaster,263020/-965,BM-14779,Right Lens,,,,,http://dealer.tucker.com/globalassets/images/87/8785/8785782/Zoomed.jpg,,,
BikeMaster Right Lens for GSX-R750 1993,Turn signals and lenses are direct O.E.M. replacement.,18.91,23.63,BikeMaster,BikeMaster,263020/-966,BM-14780,Right Lens,,,,,http://dealer.tucker.com/globalassets/images/87/8785/8785782/Zoomed.jpg,,,
BikeMaster Right Lens for GSX-R750 1993,Turn signals and lenses are direct O.E.M. replacement.,18.91,23.63,BikeMaster,BikeMaster,263020/-967,BM-14781,Right Lens,,,,,http://dealer.tucker.com/globalassets/images/87/8785/8785782/Zoomed.jpg,,,
BikeMaster Right Lens for GSX-R750 1995,Turn signals and lenses are direct O.E.M. replacement.,18.91,23.63,BikeMaster,BikeMaster,263020/-968,BM-14782,Right Lens,,,,,http://dealer.tucker.com/globalassets/images/87/8785/8785782/Zoomed.jpg,,,
BikeMaster Right Lens for GSX-R750 1995,Turn signals and lenses are direct O.E.M. replacement.,18.91,23.63,BikeMaster,BikeMaster,263020/-969,BM-14783,Right Lens,,,,,http://dealer.tucker.com/globalassets/images/87/8785/8785782/Zoomed.jpg,,,
BikeMaster Rear Left Turn Signal for GS1000 1980-1982,Turn signals and lenses are direct O.E.M. replacement.,32.33,40.41,BikeMaster,BikeMaster,263016/-1439,BM-15253,Rear Left,,,,,http://dealer.tucker.com/globalassets/images/10/1008/100839/Zoomed.jpg,,,
BikeMaster Rear Left Turn Signal for GS1000 1980-1982,Turn signals and lenses are direct O.E.M. replacement.,32.33,40.41,BikeMaster,BikeMaster,263016/-1440,BM-15254,Rear Left,,,,,http://dealer.tucker.com/globalassets/images/10/1008/100839/Zoomed.jpg,,,
BikeMaster Rear Left Turn Signal for GS750 1982,Turn signals and lenses are direct O.E.M. replacement.,32.33,40.41,BikeMaster,BikeMaster,263016/-1441,BM-15255,Rear Left,,,,,http://dealer.tucker.com/globalassets/images/10/1008/100839/Zoomed.jpg,,,
BikeMaster Rear Left Turn Signal for GS750 1982,Turn signals and lenses are direct O.E.M. replacement.,32.33,40.41,BikeMaster,BikeMaster,263016/-1442,BM-15256,Rear Left,,,,,http://dealer.tucker.com/globalassets/images/10/1008/100839/Zoomed.jpg,,,
BikeMaster Rear Left Turn Signal for GS750 1980-1981,Turn signals and lenses are direct O.E.M. replacement.,32.33,40.41,BikeMaster,BikeMaster,263016/-1443,BM-15257,Rear Left,,,,,http://dealer.tucker.com/globalassets/images/10/1008/100839/Zoomed.jpg,,,
BikeMaster Rear Left Turn Signal for GS750 1980-1981,Turn signals and lenses are direct O.E.M. replacement.,32.33,40.41,BikeMaster,BikeMaster,263016/-1444,BM-15258,Rear Left,,,,,http://dealer.tucker.com/globalassets/images/10/1008/100839/Zoomed.jpg,,,
BikeMaster Rear Left Turn Signal for GSX-R600 1992-1993,Turn signals and lenses are direct O.E.M. replacement.,33.25,41.56,BikeMaster,BikeMaster,263026/-1483,BM-15297,Rear Left,,,,,http://dealer.tucker.com/globalassets/images/10/1003/100377/Zoomed.jpg,,,
BikeMaster Rear Left Turn Signal for GSX-R600 1992-1993,Turn signals and lenses are direct O.E.M. replacement.,33.25,41.56,BikeMaster,BikeMaster,263026/-1484,BM-15298,Rear Left,,,,,http://dealer.tucker.com/globalassets/images/10/1003/100377/Zoomed.jpg,,,
BikeMaster Rear Left Turn Signal for GSX-R1100 1993-1994,Turn signals and lenses are direct O.E.M. replacement.,30.09,37.62,BikeMaster,BikeMaster,263086/-1515,BM-15329,Rear Left,,,,,http://dealer.tucker.com/globalassets/images/88/8844/8844438/Zoomed.jpg,,,
BikeMaster Rear Left Turn Signal for GSX-R1100 1993-1994,Turn signals and lenses are direct O.E.M. replacement.,30.09,37.62,BikeMaster,BikeMaster,263086/-1516,BM-15330,Rear Left,,,,,http://dealer.tucker.com/globalassets/images/88/8844/8844438/Zoomed.jpg,,,
BikeMaster Rear Left Turn Signal for GSX-R750 1993,Turn signals and lenses are direct O.E.M. replacement.,30.09,37.62,BikeMaster,BikeMaster,263086/-1517,BM-15331,Rear Left,,,,,http://dealer.tucker.com/globalassets/images/88/8844/8844438/Zoomed.jpg,,,
BikeMaster Rear Left Turn Signal for GSX-R750 1993,Turn signals and lenses are direct O.E.M. replacement.,30.09,37.62,BikeMaster,BikeMaster,263086/-1518,BM-15332,Rear Left,,,,,http://dealer.tucker.com/globalassets/images/88/8844/8844438/Zoomed.jpg,,,
BikeMaster Front Left Turn Signal for GS1000 1980-1982,Turn signals and lenses are direct O.E.M. replacement.,32.33,40.41,BikeMaster,BikeMaster,263015/-1564,BM-15378,Front Left,,,,,http://dealer.tucker.com/globalassets/images/10/1004/100421/Zoomed.jpg,,,
BikeMaster Front Left Turn Signal for GS1000 1980-1982,Turn signals and lenses are direct O.E.M. replacement.,32.33,40.41,BikeMaster,BikeMaster,263015/-1565,BM-15379,Front Left,,,,,http://dealer.tucker.com/globalassets/images/10/1004/100421/Zoomed.jpg,,,
BikeMaster Front Left Turn Signal for GS750 1982,Turn signals and lenses are direct O.E.M. replacement.,32.33,40.41,BikeMaster,BikeMaster,263015/-1566,BM-15380,Front Left,,,,,http://dealer.tucker.com/globalassets/images/10/1004/100421/Zoomed.jpg,,,
BikeMaster Front Left Turn Signal for GS750 1982,Turn signals and lenses are direct O.E.M. replacement.,32.33,40.41,BikeMaster,BikeMaster,263015/-1567,BM-15381,Front Left,,,,,http://dealer.tucker.com/globalassets/images/10/1004/100421/Zoomed.jpg,,,
BikeMaster Front Left Turn Signal for GS750 1980-1981,Turn signals and lenses are direct O.E.M. replacement.,32.33,40.41,BikeMaster,BikeMaster,263015/-1568,BM-15382,Front Left,,,,,http://dealer.tucker.com/globalassets/images/10/1004/100421/Zoomed.jpg,,,
BikeMaster Front Left Turn Signal for GS750 1980-1981,Turn signals and lenses are direct O.E.M. replacement.,32.33,40.41,BikeMaster,BikeMaster,263015/-1569,BM-15383,Front Left,,,,,http://dealer.tucker.com/globalassets/images/10/1004/100421/Zoomed.jpg,,,
BikeMaster Front Left Turn Signal for GSX-R1100 1993-1994,Turn signals and lenses are direct O.E.M. replacement.,30.09,37.62,BikeMaster,BikeMaster,263085/-1627,BM-15441,Front Left,,,,,http://dealer.tucker.com/globalassets/images/10/1006/100697/Zoomed.jpg,,,
BikeMaster Front Left Turn Signal for GSX-R1100 1993-1994,Turn signals and lenses are direct O.E.M. replacement.,30.09,37.62,BikeMaster,BikeMaster,263085/-1628,BM-15442,Front Left,,,,,http://dealer.tucker.com/globalassets/images/10/1006/100697/Zoomed.jpg,,,
BikeMaster Front Left Turn Signal for GSX-R600 1992-1993,Turn signals and lenses are direct O.E.M. replacement.,30.09,37.62,BikeMaster,BikeMaster,263085/-1629,BM-15443,Front Left,,,,,http://dealer.tucker.com/globalassets/images/10/1006/100697/Zoomed.jpg,,,
BikeMaster Front Left Turn Signal for GSX-R600 1992-1993,Turn signals and lenses are direct O.E.M. replacement.,30.09,37.62,BikeMaster,BikeMaster,263085/-1630,BM-15444,Front Left,,,,,http://dealer.tucker.com/globalassets/images/10/1006/100697/Zoomed.jpg,,,
BikeMaster Front Left Turn Signal for GSX-R750 1993,Turn signals and lenses are direct O.E.M. replacement.,30.09,37.62,BikeMaster,BikeMaster,263085/-1631,BM-15445,Front Left,,,,,http://dealer.tucker.com/globalassets/images/10/1006/100697/Zoomed.jpg,,,
BikeMaster Front Left Turn Signal for GSX-R750 1993,Turn signals and lenses are direct O.E.M. replacement.,30.09,37.62,BikeMaster,BikeMaster,263085/-1632,BM-15446,Front Left,,,,,http://dealer.tucker.com/globalassets/images/10/1006/100697/Zoomed.jpg,,,
BikeMaster Rear Left Turn Signal for GSX-R1100 1995-1998,Turn signals and lenses are direct O.E.M. replacement.,36.23,45.29,BikeMaster,BikeMaster,263125/-1638,BM-15452,Rear Left,,,,,http://dealer.tucker.com/globalassets/images/10/1008/100844/Zoomed.jpg,,,
BikeMaster Rear Left Turn Signal for GSX-R1100 1995-1998,Turn signals and lenses are direct O.E.M. replacement.,36.23,45.29,BikeMaster,BikeMaster,263125/-1639,BM-15453,Rear Left,,,,,http://dealer.tucker.com/globalassets/images/10/1008/100844/Zoomed.jpg,,,
BikeMaster Rear Left Turn Signal for GSX-R750 1995,Turn signals and lenses are direct O.E.M. replacement.,36.23,45.29,BikeMaster,BikeMaster,263125/-1640,BM-15454,Rear Left,,,,,http://dealer.tucker.com/globalassets/images/10/1008/100844/Zoomed.jpg,,,
BikeMaster Rear Left Turn Signal for GSX-R750 1995,Turn signals and lenses are direct O.E.M. replacement.,36.23,45.29,BikeMaster,BikeMaster,263125/-1641,BM-15455,Rear Left,,,,,http://dealer.tucker.com/globalassets/images/10/1008/100844/Zoomed.jpg,,,
BikeMaster Rear Left Turn Signal for GS750 1983,Turn signals and lenses are direct O.E.M. replacement.,24.06,30.08,BikeMaster,BikeMaster,263126/-1675,BM-15489,Rear Left,,,,,http://dealer.tucker.com/globalassets/images/10/1003/100376/Zoomed.jpg,,,
BikeMaster Rear Left Turn Signal for GS750 1983,Turn signals and lenses are direct O.E.M. replacement.,24.06,30.08,BikeMaster,BikeMaster,263126/-1676,BM-15490,Rear Left,,,,,http://dealer.tucker.com/globalassets/images/10/1003/100376/Zoomed.jpg,,,
BikeMaster Rear Brake Rotor for CBR600F4 2001-2007,"Manufactured by one of Europe's premier disc brake expert; an O.E.M. manufacturer to many well known brands. Totally integrated manufacturing with control over every aspect of the product, using the latest technology in materials, processes and finishes. The very latest in German aerospace materials and ISO-certified quality management. Laser-cut for accuracy to the ten thousandth of an inch. Utilizes CNC billet-machined technology for accuracy, strength and lighter weight (where applicable). Designed and developed specifically for increased braking ability and longevity. Computer aided design ensures maximum strength and minimum weight. Specially ground to guarantee perfect concentricity and parallelism to prevent warping.  Contour rotors offer an increased edge-surface area for cooling efficiency and excellent clean-out.",99.38,124.22,BikeMaster,BikeMaster,962005/-50,BM-10754,Made in Spain,,,,,http://dealer.tucker.com/globalassets/images/41/4193/4193667/Zoomed.jpg,,,
BikeMaster  Brake Rotor for CBR600F4 2001-2007,"Manufactured by one of Europe's premier disc brake expert; an O.E.M. manufacturer to many well known brands. Totally integrated manufacturing with control over every aspect of the product, using the latest technology in materials, processes and finishes. The very latest in German aerospace materials and ISO-certified quality management. Laser-cut for accuracy to the ten thousandth of an inch. Utilizes CNC billet-machined technology for accuracy, strength and lighter weight (where applicable). Designed and developed specifically for increased braking ability and longevity. Computer aided design ensures maximum strength and minimum weight. Specially ground to guarantee perfect concentricity and parallelism to prevent warping.  Contour rotors offer an increased edge-surface area for cooling efficiency and excellent clean-out.",107.46,134.32,BikeMaster,BikeMaster,962158/-261,BM-10965,Made in Spain,,,,,http://dealer.tucker.com/globalassets/images/41/4193/4193687/Zoomed.jpg,,,
BikeMaster  Brake Rotor for CBR600F4 2001-2007,"Manufactured by one of Europe's premier disc brake expert; an O.E.M. manufacturer to many well known brands. Totally integrated manufacturing with control over every aspect of the product, using the latest technology in materials, processes and finishes. The very latest in German aerospace materials and ISO-certified quality management. Laser-cut for accuracy to the ten thousandth of an inch. Utilizes CNC billet-machined technology for accuracy, strength and lighter weight (where applicable). Designed and developed specifically for increased braking ability and longevity. Computer aided design ensures maximum strength and minimum weight. Specially ground to guarantee perfect concentricity and parallelism to prevent warping.  Contour rotors offer an increased edge-surface area for cooling efficiency and excellent clean-out.",172.09,215.12,BikeMaster,BikeMaster,962033/-335,BM-11039,Made in Spain,,,,,http://dealer.tucker.com/globalassets/images/41/4193/4193350/Zoomed.jpg,,,
BikeMaster Front/Rear Sintered Brake pads for Z650/ABS 2017,"Sintered Brake Pads are manufactured from special metallics and other compounds, which are fused together with high-heat and pressure.",40.96,51.2,BikeMaster,BikeMaster,961400/-1331,BM-12035,"Sintered Brake Pads offer increased performance, higher heat resistance and longer life than our everyday pads.",Sold as one pair,,,,http://dealer.tucker.com/globalassets/images/95/9563/956320/Zoomed.jpg,,,
BikeMaster Rear Sintered Brake pads for GSX-R1100 1993-1998,"Sintered Brake Pads are manufactured from special metallics and other compounds, which are fused together with high-heat and pressure.",40.96,51.2,BikeMaster,BikeMaster,961401/-1391,BM-12095,"Sintered Brake Pads offer increased performance, higher heat resistance and longer life than our everyday pads.",Sold as one pair,,,,http://dealer.tucker.com/globalassets/images/95/9563/956315/Zoomed.jpg,,,
BikeMaster Rear Sintered Brake pads for GSX-R600 1992-1993,"Sintered Brake Pads are manufactured from special metallics and other compounds, which are fused together with high-heat and pressure.",40.96,51.2,BikeMaster,BikeMaster,961401/-1392,BM-12096,"Sintered Brake Pads offer increased performance, higher heat resistance and longer life than our everyday pads.",Sold as one pair,,,,http://dealer.tucker.com/globalassets/images/95/9563/956315/Zoomed.jpg,,,
BikeMaster Front Sintered Brake pads for GSX-R1100 1993-1998,"Sintered Brake Pads are manufactured from special metallics and other compounds, which are fused together with high-heat and pressure.",43.94,54.93,BikeMaster,BikeMaster,961409/-1708,BM-12412,"Sintered Brake Pads offer increased performance, higher heat resistance and longer life than our everyday pads.",Sold as one pair,,,,http://dealer.tucker.com/globalassets/images/96/9604/960418/Zoomed.jpg,,,
BikeMaster Rear Sintered Brake pads for GS1000 1980-1982,"Sintered Brake Pads are manufactured from special metallics and other compounds, which are fused together with high-heat and pressure.",39.47,49.33,BikeMaster,BikeMaster,961421/-1758,BM-12462,"Sintered Brake Pads offer increased performance, higher heat resistance and longer life than our everyday pads.",Sold as one pair,,,,http://dealer.tucker.com/globalassets/images/30/3041/3041781/Zoomed.jpg,,,
BikeMaster Rear Sintered Brake pads for R1150GS 1998-2001  ABS and Non-ABS models,"Sintered Brake Pads are manufactured from special metallics and other compounds, which are fused together with high-heat and pressure.",40.96,51.2,BikeMaster,BikeMaster,961442/-2224,BM-12928,"Sintered Brake Pads offer increased performance, higher heat resistance and longer life than our everyday pads.",Sold as one pair,,,,http://dealer.tucker.com/globalassets/images/30/3034/3034638/Zoomed.jpg,,,
BikeMaster Front Sintered Brake pads for R1150GS 1998-2001   ABS and Non-ABS model,"Sintered Brake Pads are manufactured from special metallics and other compounds, which are fused together with high-heat and pressure.",40.96,51.2,BikeMaster,BikeMaster,961435/-2290,BM-12994,"Sintered Brake Pads offer increased performance, higher heat resistance and longer life than our everyday pads.",Sold as one pair,,,,http://dealer.tucker.com/globalassets/images/30/3041/3041725/Zoomed.jpg,,,
BikeMaster Front Sintered Brake pads for GSX-R600 1992-1993,"Sintered Brake Pads are manufactured from special metallics and other compounds, which are fused together with high-heat and pressure.",40.96,51.2,BikeMaster,BikeMaster,961450/-2573,BM-13277,"Sintered Brake Pads offer increased performance, higher heat resistance and longer life than our everyday pads.",Sold as one pair,,,,http://dealer.tucker.com/globalassets/images/30/3041/3041752/Zoomed.jpg,,,
BikeMaster Front Sintered Brake pads for GS1000 1980-1982,"Sintered Brake Pads are manufactured from special metallics and other compounds, which are fused together with high-heat and pressure.",39.47,49.33,BikeMaster,BikeMaster,961454/-2653,BM-13357,"Sintered Brake Pads offer increased performance, higher heat resistance and longer life than our everyday pads.",Sold as one pair,,,,http://dealer.tucker.com/globalassets/images/30/3034/3034693/Zoomed.jpg,,,
BikeMaster Rear Steel 42 Tooth Sprocket for GSX-R750 1993-1995,Meticulously engineered using the highest quality materials and industry leading technology to provide the best replacement sprockets for your motorcycle. BikeMaster Rear Sprockets are machined from 1045 steel and coated with a beautiful black Cataphoresis finish. A perfect match for the BikeMaster line of chains.,47.53,59.42,BikeMaster,BikeMaster,965359/-1902,BM-4799,O.E.M. Gearing 15/42;ChainLinks 530-108; Teeth 42;,BikeMaster Rear Sprockets are machined from 1045 steel and coated with a beautiful black Cataphoresis finish.,,,,http://midnightautos.com/wp-content/uploads/2018/11/Zoomed.png,http://dealer.tucker.com/globalassets/images/86/8669/8669194/Zoomed.jpg,,
BikeMaster Rear Steel 44 Tooth Sprocket for GSX-R750 1993-1995,Meticulously engineered using the highest quality materials and industry leading technology to provide the best replacement sprockets for your motorcycle. BikeMaster Rear Sprockets are machined from 1045 steel and coated with a beautiful black Cataphoresis finish. A perfect match for the BikeMaster line of chains.,48.28,60.35,BikeMaster,BikeMaster,965360/-1939,BM-4836,O.E.M. Gearing 15/42;ChainLinks 530-108; Teeth 44;,BikeMaster Rear Sprockets are machined from 1045 steel and coated with a beautiful black Cataphoresis finish.,,,,http://midnightautos.com/wp-content/uploads/2018/11/Zoomed.png,http://dealer.tucker.com/globalassets/images/86/8669/8669057/Zoomed.jpg,,
BikeMaster Rear Steel 45 Tooth Sprocket for GSX-R750 1993-1995,Meticulously engineered using the highest quality materials and industry leading technology to provide the best replacement sprockets for your motorcycle. BikeMaster Rear Sprockets are machined from 1045 steel and coated with a beautiful black Cataphoresis finish. A perfect match for the BikeMaster line of chains.,48.28,60.35,BikeMaster,BikeMaster,965361/-1975,BM-4872,O.E.M. Gearing 15/42;ChainLinks 530-108; Teeth 45;,BikeMaster Rear Sprockets are machined from 1045 steel and coated with a beautiful black Cataphoresis finish.,,,,http://midnightautos.com/wp-content/uploads/2018/11/Zoomed.png,http://dealer.tucker.com/globalassets/images/10/1003/10033916/Zoomed.jpg,,
BikeMaster Rear Steel 46 Tooth Sprocket for GSX-R750 1993-1995,Meticulously engineered using the highest quality materials and industry leading technology to provide the best replacement sprockets for your motorcycle. BikeMaster Rear Sprockets are machined from 1045 steel and coated with a beautiful black Cataphoresis finish. A perfect match for the BikeMaster line of chains.,48.28,60.35,BikeMaster,BikeMaster,965362/-2011,BM-4908,O.E.M. Gearing 15/42;ChainLinks 530-108; Teeth 46;,BikeMaster Rear Sprockets are machined from 1045 steel and coated with a beautiful black Cataphoresis finish.,,,,http://midnightautos.com/wp-content/uploads/2018/11/Zoomed.png,http://dealer.tucker.com/globalassets/images/86/8668/8668882/Zoomed.jpg,,
BikeMaster Rear Steel 47 Tooth Sprocket for GSX-R750 1993-1995,Meticulously engineered using the highest quality materials and industry leading technology to provide the best replacement sprockets for your motorcycle. BikeMaster Rear Sprockets are machined from 1045 steel and coated with a beautiful black Cataphoresis finish. A perfect match for the BikeMaster line of chains.,48.28,60.35,BikeMaster,BikeMaster,965363/-2047,BM-4944,O.E.M. Gearing 15/42;ChainLinks 530-108; Teeth 47;,BikeMaster Rear Sprockets are machined from 1045 steel and coated with a beautiful black Cataphoresis finish.,,,,http://midnightautos.com/wp-content/uploads/2018/11/Zoomed.png,http://dealer.tucker.com/globalassets/images/86/8668/8668793/Zoomed.jpg,,
BikeMaster Rear Steel 48 Tooth Sprocket for GSX-R750 1993-1995,Meticulously engineered using the highest quality materials and industry leading technology to provide the best replacement sprockets for your motorcycle. BikeMaster Rear Sprockets are machined from 1045 steel and coated with a beautiful black Cataphoresis finish. A perfect match for the BikeMaster line of chains.,49.02,61.28,BikeMaster,BikeMaster,965364/-2083,BM-4980,O.E.M. Gearing 15/42;ChainLinks 530-108; Teeth 48;,BikeMaster Rear Sprockets are machined from 1045 steel and coated with a beautiful black Cataphoresis finish.,,,,http://midnightautos.com/wp-content/uploads/2018/11/Zoomed.png,http://dealer.tucker.com/globalassets/images/86/8668/8668705/Zoomed.jpg,,
BikeMaster Rear Steel 49 Tooth Sprocket for GSX-R750 1993-1995,Meticulously engineered using the highest quality materials and industry leading technology to provide the best replacement sprockets for your motorcycle. BikeMaster Rear Sprockets are machined from 1045 steel and coated with a beautiful black Cataphoresis finish. A perfect match for the BikeMaster line of chains.,49.77,62.21,BikeMaster,BikeMaster,965365/-2119,BM-5016,O.E.M. Gearing 15/42;ChainLinks 530-108; Teeth 49;,BikeMaster Rear Sprockets are machined from 1045 steel and coated with a beautiful black Cataphoresis finish.,,,,http://midnightautos.com/wp-content/uploads/2018/11/Zoomed.png,http://dealer.tucker.com/globalassets/images/86/8669/8669123/Zoomed.jpg,,
BikeMaster Rear Steel 50 Tooth Sprocket for GSX-R750 1993-1995,Meticulously engineered using the highest quality materials and industry leading technology to provide the best replacement sprockets for your motorcycle. BikeMaster Rear Sprockets are machined from 1045 steel and coated with a beautiful black Cataphoresis finish. A perfect match for the BikeMaster line of chains.,49.77,62.21,BikeMaster,BikeMaster,965366/-2155,BM-5052,O.E.M. Gearing 15/42;ChainLinks 530-108; Teeth 50;,BikeMaster Rear Sprockets are machined from 1045 steel and coated with a beautiful black Cataphoresis finish.,,,,http://midnightautos.com/wp-content/uploads/2018/11/Zoomed.png,http://dealer.tucker.com/globalassets/images/99/9967/9967837/Zoomed.jpg,,
BikeMaster Rear Steel 52 Tooth Sprocket for GSX-R750 1993-1995,Meticulously engineered using the highest quality materials and industry leading technology to provide the best replacement sprockets for your motorcycle. BikeMaster Rear Sprockets are machined from 1045 steel and coated with a beautiful black Cataphoresis finish. A perfect match for the BikeMaster line of chains.,52.01,65.01,BikeMaster,BikeMaster,965367/-2191,BM-5088,O.E.M. Gearing 15/42;ChainLinks 530-108; Teeth 52;,BikeMaster Rear Sprockets are machined from 1045 steel and coated with a beautiful black Cataphoresis finish.,,,,http://midnightautos.com/wp-content/uploads/2018/11/Zoomed.png,http://dealer.tucker.com/globalassets/images/86/8668/8668950/Zoomed.jpg,,
BikeMaster Standard Front or Rear Brake Pads for GSX-R1100 1993-1998,"Designed for the highest quality and a perfect fit, BikeMaster Brake Pads and Shoes are intended to be a direct replacement for O.E.M. pads and shoes and meet or exceed O.E.M. performance.",34.99,43.74,BikeMaster,BikeMaster,961101/-62,BM-62,Brake Pads are formulated for high-performance stopping power and a long service life.,Brake Shoes come complete with new springs.,"Sintered Brake Pads are manufactured from special metallics and other compounds, which are fused together with high-heat and pressure.","Sintered Brake Pads offer increased performance, higher heat resistance and longer life than our everyday pads.",,http://dealer.tucker.com/globalassets/images/96/9604/960446/Zoomed.jpg,http://dealer.tucker.com/globalassets/images/96/9604/960446/Zoomed.jpg,,
BikeMaster Standard Front or Rear Brake Pads for GSX-R600 1992-1993,"Designed for the highest quality and a perfect fit, BikeMaster Brake Pads and Shoes are intended to be a direct replacement for O.E.M. pads and shoes and meet or exceed O.E.M. performance.",34.99,43.74,BikeMaster,BikeMaster,961101/-63,BM-63,Brake Pads are formulated for high-performance stopping power and a long service life.,Brake Shoes come complete with new springs.,"Sintered Brake Pads are manufactured from special metallics and other compounds, which are fused together with high-heat and pressure.","Sintered Brake Pads offer increased performance, higher heat resistance and longer life than our everyday pads.",,http://dealer.tucker.com/globalassets/images/96/9604/960446/Zoomed.jpg,http://dealer.tucker.com/globalassets/images/96/9604/960446/Zoomed.jpg,,
BikeMaster Standard Front or Rear Brake Pads for SuzukiGSX-R600 1997-2003,"Designed for the highest quality and a perfect fit, BikeMaster Brake Pads and Shoes are intended to be a direct replacement for O.E.M. pads and shoes and meet or exceed O.E.M. performance.",34.99,43.74,BikeMaster,BikeMaster,961101/-82,BM-82,Brake Pads are formulated for high-performance stopping power and a long service life.,Brake Shoes come complete with new springs.,"Sintered Brake Pads are manufactured from special metallics and other compounds, which are fused together with high-heat and pressure.","Sintered Brake Pads offer increased performance, higher heat resistance and longer life than our everyday pads.",,http://dealer.tucker.com/globalassets/images/96/9604/960446/Zoomed.jpg,http://dealer.tucker.com/globalassets/images/96/9604/960446/Zoomed.jpg,,
BikeMaster Standard Front Brake Pads for GSX-R1100 1993-1998  Two sets required.,"Designed for the highest quality and a perfect fit, BikeMaster Brake Pads and Shoes are intended to be a direct replacement for O.E.M. pads and shoes and meet or exceed O.E.M. performance.",37.97,47.47,BikeMaster,BikeMaster,961109/-390,BM-390,Brake Pads are formulated for high-performance stopping power and a long service life.,Brake Shoes come complete with new springs.,"Sintered Brake Pads are manufactured from special metallics and other compounds, which are fused together with high-heat and pressure.","Sintered Brake Pads offer increased performance, higher heat resistance and longer life than our everyday pads.",,http://dealer.tucker.com/globalassets/images/96/9604/960422/Zoomed.jpg,http://dealer.tucker.com/globalassets/images/96/9604/960422/Zoomed.jpg,,
BikeMaster Standard Rear Brake Pads for GS1000 1980-1982,"Designed for the highest quality and a perfect fit, BikeMaster Brake Pads and Shoes are intended to be a direct replacement for O.E.M. pads and shoes and meet or exceed O.E.M. performance.",34.24,42.81,BikeMaster,BikeMaster,961121/-458,BM-458,Brake Pads are formulated for high-performance stopping power and a long service life.,Brake Shoes come complete with new springs.,"Sintered Brake Pads are manufactured from special metallics and other compounds, which are fused together with high-heat and pressure.","Sintered Brake Pads offer increased performance, higher heat resistance and longer life than our everyday pads.",,http://dealer.tucker.com/globalassets/images/13/1309/1309132/Zoomed.jpg,http://dealer.tucker.com/globalassets/images/13/1309/1309132/Zoomed.jpg,,
BikeMaster Standard Front Brake Pads for SuzukiGSX-R600 1997-2003  Two sets required.,"Designed for the highest quality and a perfect fit, BikeMaster Brake Pads and Shoes are intended to be a direct replacement for O.E.M. pads and shoes and meet or exceed O.E.M. performance.",34.99,43.74,BikeMaster,BikeMaster,961115/-550,BM-550,Brake Pads are formulated for high-performance stopping power and a long service life.,Brake Shoes come complete with new springs.,"Sintered Brake Pads are manufactured from special metallics and other compounds, which are fused together with high-heat and pressure.","Sintered Brake Pads offer increased performance, higher heat resistance and longer life than our everyday pads.",,http://dealer.tucker.com/globalassets/images/97/9782/978259/Zoomed.jpg,http://dealer.tucker.com/globalassets/images/97/9782/978259/Zoomed.jpg,,
BikeMaster Standard Rear Brake Pads for SuzukiGSX-R600 2004-2005,"Designed for the highest quality and a perfect fit, BikeMaster Brake Pads and Shoes are intended to be a direct replacement for O.E.M. pads and shoes and meet or exceed O.E.M. performance.",34.99,43.74,BikeMaster,BikeMaster,961124/-562,BM-562,Brake Pads are formulated for high-performance stopping power and a long service life.,Brake Shoes come complete with new springs.,"Sintered Brake Pads are manufactured from special metallics and other compounds, which are fused together with high-heat and pressure.","Sintered Brake Pads offer increased performance, higher heat resistance and longer life than our everyday pads.",,http://dealer.tucker.com/globalassets/images/97/9782/978277/Zoomed.jpg,http://dealer.tucker.com/globalassets/images/97/9782/978277/Zoomed.jpg,,
BikeMaster Standard Front Brake Pads for Z650/ABS 2017  Two sets required.,"Designed for the highest quality and a perfect fit, BikeMaster Brake Pads and Shoes are intended to be a direct replacement for O.E.M. pads and shoes and meet or exceed O.E.M. performance.",34.99,43.74,BikeMaster,BikeMaster,961122/-662,BM-662,Brake Pads are formulated for high-performance stopping power and a long service life.,Brake Shoes come complete with new springs.,"Sintered Brake Pads are manufactured from special metallics and other compounds, which are fused together with high-heat and pressure.","Sintered Brake Pads offer increased performance, higher heat resistance and longer life than our everyday pads.",,http://dealer.tucker.com/globalassets/images/97/9782/978262/Zoomed.jpg,http://dealer.tucker.com/globalassets/images/97/9782/978262/Zoomed.jpg,,
BikeMaster Standard Front Brake Pads for R1150GS 1998-2001  Two sets required.; ABS and Non-ABS model,"Designed for the highest quality and a perfect fit, BikeMaster Brake Pads and Shoes are intended to be a direct replacement for O.E.M. pads and shoes and meet or exceed O.E.M. performance.",35.74,44.67,BikeMaster,BikeMaster,961135/-946,BM-946,Brake Pads are formulated for high-performance stopping power and a long service life.,Brake Shoes come complete with new springs.,"Sintered Brake Pads are manufactured from special metallics and other compounds, which are fused together with high-heat and pressure.","Sintered Brake Pads offer increased performance, higher heat resistance and longer life than our everyday pads.",,http://dealer.tucker.com/globalassets/images/30/3041/3041836/Zoomed.jpg,http://dealer.tucker.com/globalassets/images/30/3041/3041836/Zoomed.jpg,,
BikeMaster Standard Rear Brake Pads for R1150GS 1998-2001  ABS and Non-ABS model,"Designed for the highest quality and a perfect fit, BikeMaster Brake Pads and Shoes are intended to be a direct replacement for O.E.M. pads and shoes and meet or exceed O.E.M. performance.",34.99,43.74,BikeMaster,BikeMaster,961142/-978,BM-978,Brake Pads are formulated for high-performance stopping power and a long service life.,Brake Shoes come complete with new springs.,"Sintered Brake Pads are manufactured from special metallics and other compounds, which are fused together with high-heat and pressure.","Sintered Brake Pads offer increased performance, higher heat resistance and longer life than our everyday pads.",,http://dealer.tucker.com/globalassets/images/30/3034/3034691/Zoomed.jpg,http://dealer.tucker.com/globalassets/images/30/3034/3034691/Zoomed.jpg,,
BikeMaster Standard Rear Brake Pads for SuzukiGSX-R600 2006-2010,"Designed for the highest quality and a perfect fit, BikeMaster Brake Pads and Shoes are intended to be a direct replacement for O.E.M. pads and shoes and meet or exceed O.E.M. performance.",37.23,46.53,BikeMaster,BikeMaster,961143/-1035,BM-1035,Brake Pads are formulated for high-performance stopping power and a long service life.,Brake Shoes come complete with new springs.,"Sintered Brake Pads are manufactured from special metallics and other compounds, which are fused together with high-heat and pressure.","Sintered Brake Pads offer increased performance, higher heat resistance and longer life than our everyday pads.",,http://dealer.tucker.com/globalassets/images/97/9782/978269/Zoomed.jpg,http://dealer.tucker.com/globalassets/images/97/9782/978269/Zoomed.jpg,,
BikeMaster Standard Front Brake Pads for GSX-R600 1992-1993  Two sets required.,"Designed for the highest quality and a perfect fit, BikeMaster Brake Pads and Shoes are intended to be a direct replacement for O.E.M. pads and shoes and meet or exceed O.E.M. performance.",34.99,43.74,BikeMaster,BikeMaster,961150/-1321,BM-1321,Brake Pads are formulated for high-performance stopping power and a long service life.,Brake Shoes come complete with new springs.,"Sintered Brake Pads are manufactured from special metallics and other compounds, which are fused together with high-heat and pressure.","Sintered Brake Pads offer increased performance, higher heat resistance and longer life than our everyday pads.",,http://dealer.tucker.com/globalassets/images/30/3041/3041823/Zoomed.jpg,http://dealer.tucker.com/globalassets/images/30/3041/3041823/Zoomed.jpg,,
BikeMaster Standard Front Brake Pads for  GS1000 1980-1982  Two sets required.,"Designed for the highest quality and a perfect fit, BikeMaster Brake Pads and Shoes are intended to be a direct replacement for O.E.M. pads and shoes and meet or exceed O.E.M. performance.",34.99,43.74,BikeMaster,BikeMaster,961175/-1628,BM-1628,Brake Pads are formulated for high-performance stopping power and a long service life.,Brake Shoes come complete with new springs.,"Sintered Brake Pads are manufactured from special metallics and other compounds, which are fused together with high-heat and pressure.","Sintered Brake Pads offer increased performance, higher heat resistance and longer life than our everyday pads.",,http://dealer.tucker.com/globalassets/images/30/3034/3034646/Zoomed.jpg,http://dealer.tucker.com/globalassets/images/30/3034/3034646/Zoomed.jpg,,
BikeMaster Standard Front Brake Pads for SuzukiGSX-R600 2004-2005  Two sets required.,"Designed for the highest quality and a perfect fit, BikeMaster Brake Pads and Shoes are intended to be a direct replacement for O.E.M. pads and shoes and meet or exceed O.E.M. performance.",39.47,49.33,BikeMaster,BikeMaster,961204/-1861,BM-1861,Brake Pads are formulated for high-performance stopping power and a long service life.,Brake Shoes come complete with new springs.,"Sintered Brake Pads are manufactured from special metallics and other compounds, which are fused together with high-heat and pressure.","Sintered Brake Pads offer increased performance, higher heat resistance and longer life than our everyday pads.",,http://dealer.tucker.com/globalassets/images/97/9721/972154/Zoomed.jpg,http://dealer.tucker.com/globalassets/images/97/9721/972154/Zoomed.jpg,,
BikeMaster Standard Front Brake Pads for SuzukiGSX-R600 2006-2010  Two sets required.,"Designed for the highest quality and a perfect fit, BikeMaster Brake Pads and Shoes are intended to be a direct replacement for O.E.M. pads and shoes and meet or exceed O.E.M. performance.",39.47,49.33,BikeMaster,BikeMaster,961204/-1862,BM-1862,Brake Pads are formulated for high-performance stopping power and a long service life.,Brake Shoes come complete with new springs.,"Sintered Brake Pads are manufactured from special metallics and other compounds, which are fused together with high-heat and pressure.","Sintered Brake Pads offer increased performance, higher heat resistance and longer life than our everyday pads.",,http://dealer.tucker.com/globalassets/images/97/9721/972154/Zoomed.jpg,http://dealer.tucker.com/globalassets/images/97/9721/972154/Zoomed.jpg,,
BikeMaster Standard Front or Rear Brake Pads for SuzukiGSX-R600 2011-2018,"Designed for the highest quality and a perfect fit, BikeMaster Brake Pads and Shoes are intended to be a direct replacement for O.E.M. pads and shoes and meet or exceed O.E.M. performance.",37.97,47.47,BikeMaster,BikeMaster,961211/-1920,BM-1920,Brake Pads are formulated for high-performance stopping power and a long service life.,Brake Shoes come complete with new springs.,"Sintered Brake Pads are manufactured from special metallics and other compounds, which are fused together with high-heat and pressure.","Sintered Brake Pads offer increased performance, higher heat resistance and longer life than our everyday pads.",,http://dealer.tucker.com/globalassets/images/13/1309/1309121/Zoomed.jpg,http://dealer.tucker.com/globalassets/images/13/1309/1309121/Zoomed.jpg,,
BikeMaster Standard Front Brake Pads for SuzukiGSX-R600 2011-2018  Two sets required.,"Designed for the highest quality and a perfect fit, BikeMaster Brake Pads and Shoes are intended to be a direct replacement for O.E.M. pads and shoes and meet or exceed O.E.M. performance.",35.74,44.67,BikeMaster,BikeMaster,961302/-2010,BM-2010,Brake Pads are formulated for high-performance stopping power and a long service life.,Brake Shoes come complete with new springs.,"Sintered Brake Pads are manufactured from special metallics and other compounds, which are fused together with high-heat and pressure.","Sintered Brake Pads offer increased performance, higher heat resistance and longer life than our everyday pads.",,http://dealer.tucker.com/globalassets/images/84/8443/8443735/Zoomed.jpg,http://dealer.tucker.com/globalassets/images/84/8443/8443735/Zoomed.jpg,,
Rear Sintered Brake Pads for BMW BMW HP2 1100 2008-2011,"EMGO Replacement Disc Brake Pads meet or exceed manufacturers specifications. Sintered Metal is a high performance brake pad material designed from a highly refined composition of metallic powder pressed into a preform mold. Sold by the pair, (some models require more than one set)",25.46,,EMGO,EMGO,205072#-379,205072#-379,EMGO Replacement Brake Shoes meet or exceed manufacturers specifications.,"Like our pads, we label each set with application information.",Sold by the pair (some models require more than one set),,,http://thed.zone/wp-content/uploads/2017/11/sinstered-pad.png,http://thed.zone/wp-content/uploads/2017/10/EMGO-91-68003-Disc-Brake-Pad-Honda-06455-Mv4-405.png,,